{
    "bleu": {
        "n_splits": 300,
        "sample_ratio": 0.4,
        "sample_size": 769,
        "baseline_mean": 21.36507127012726,
        "system_mean": 23.399473831116254,
        "delta_mean": 2.034402560988993,
        "delta_std": 0.5258284944875563,
        "delta_ci_low": 0.8938305900695791,
        "delta_ci_high": 2.9553192537645154,
        "delta_median": 2.0599781404683597,
        "wins": 300,
        "losses": 0,
        "ties": 0,
        "paired_ttest": {
            "statistic": 67.01212725482235,
            "pvalue": 3.8495201816057696e-182
        },
        "bootstrap": {
            "pvalue_two_sided": 0.0,
            "prob_system_ge_baseline": 1.0,
            "prob_system_le_baseline": 0.0
        },
        "significant_95_ci": true
    }
}