{
    "bleu": {
        "n_splits": 300,
        "sample_ratio": 0.4,
        "sample_size": 1600,
        "baseline_mean": 40.724983673538674,
        "system_mean": 41.610479781026335,
        "delta_mean": 0.8854961074876557,
        "delta_std": 1.0226375737722724,
        "delta_ci_low": -0.7382439804619526,
        "delta_ci_high": 2.8355908013095013,
        "delta_median": 0.8684435497959733,
        "wins": 246,
        "losses": 54,
        "ties": 0,
        "paired_ttest": {
            "statistic": 14.997730255651954,
            "pvalue": 2.6712103921036893e-38
        },
        "bootstrap": {
            "pvalue_two_sided": 0.36,
            "prob_system_ge_baseline": 0.82,
            "prob_system_le_baseline": 0.18
        },
        "significant_95_ci": false
    }
}