{
    "bleu": {
        "n_splits": 300,
        "sample_ratio": 0.4,
        "sample_size": 1600,
        "baseline_mean": 40.724983673538674,
        "system_mean": 40.39323958284308,
        "delta_mean": -0.3317440906955946,
        "delta_std": 1.0534401677410354,
        "delta_ci_low": -1.9861725442603833,
        "delta_ci_high": 1.6352227459011353,
        "delta_median": -0.420834157575829,
        "wins": 95,
        "losses": 205,
        "ties": 0,
        "paired_ttest": {
            "statistic": -5.454487476281229,
            "pvalue": 1.0306002901139072e-07
        },
        "bootstrap": {
            "pvalue_two_sided": 0.6333333333333333,
            "prob_system_ge_baseline": 0.31666666666666665,
            "prob_system_le_baseline": 0.6833333333333333
        },
        "significant_95_ci": false
    }
}