{
    "bleu": {
        "n_splits": 300,
        "sample_ratio": 0.4,
        "sample_size": 1600,
        "baseline_mean": 40.724983673538674,
        "system_mean": 47.510936004024124,
        "delta_mean": 6.7859523304854426,
        "delta_std": 0.9632922361856359,
        "delta_ci_low": 5.502186720211305,
        "delta_ci_high": 9.314546943802373,
        "delta_median": 6.670037083963429,
        "wins": 300,
        "losses": 0,
        "ties": 0,
        "paired_ttest": {
            "statistic": 122.015041465321,
            "pvalue": 4.489720906469385e-257
        },
        "bootstrap": {
            "pvalue_two_sided": 0.0,
            "prob_system_ge_baseline": 1.0,
            "prob_system_le_baseline": 0.0
        },
        "significant_95_ci": true
    }
}