{
    "bleu": {
        "n_splits": 300,
        "sample_ratio": 0.4,
        "sample_size": 1600,
        "baseline_mean": 40.724983673538674,
        "system_mean": 49.26256911700659,
        "delta_mean": 8.537585443467908,
        "delta_std": 0.9651360982209101,
        "delta_ci_low": 7.171518204739196,
        "delta_ci_high": 10.91381424257194,
        "delta_median": 8.446559597845212,
        "wins": 300,
        "losses": 0,
        "ties": 0,
        "paired_ttest": {
            "statistic": 153.21706222889782,
            "pvalue": 3.5542481109253854e-286
        },
        "bootstrap": {
            "pvalue_two_sided": 0.0,
            "prob_system_ge_baseline": 1.0,
            "prob_system_le_baseline": 0.0
        },
        "significant_95_ci": true
    }
}