{
    "bleu": {
        "n_splits": 300,
        "sample_ratio": 0.4,
        "sample_size": 1600,
        "baseline_mean": 40.724983673538674,
        "system_mean": 46.927205255919965,
        "delta_mean": 6.20222158238129,
        "delta_std": 0.9627797341889369,
        "delta_ci_low": 4.827714825553057,
        "delta_ci_high": 8.458455208432838,
        "delta_median": 6.1131249144354065,
        "wins": 300,
        "losses": 0,
        "ties": 0,
        "paired_ttest": {
            "statistic": 111.57861470291917,
            "pvalue": 1.033013881067428e-245
        },
        "bootstrap": {
            "pvalue_two_sided": 0.0,
            "prob_system_ge_baseline": 1.0,
            "prob_system_le_baseline": 0.0
        },
        "significant_95_ci": true
    }
}