{
    "bleu": {
        "n_splits": 300,
        "sample_ratio": 0.4,
        "sample_size": 1600,
        "baseline_mean": 40.724983673538674,
        "system_mean": 43.379640747052456,
        "delta_mean": 2.654657073513778,
        "delta_std": 0.9958112540723469,
        "delta_ci_low": 1.2497918910781654,
        "delta_ci_high": 4.83868655464945,
        "delta_median": 2.594809071970108,
        "wins": 300,
        "losses": 0,
        "ties": 0,
        "paired_ttest": {
            "statistic": 46.17341799657871,
            "pvalue": 4.2701467010874305e-138
        },
        "bootstrap": {
            "pvalue_two_sided": 0.0,
            "prob_system_ge_baseline": 1.0,
            "prob_system_le_baseline": 0.0
        },
        "significant_95_ci": true
    }
}