{
    "bleu": 19.189357194631818,
    "chrf2": 41.26440453618292,
    "comet": 0.7127358873065945,
    "cometkiwi": 0.7297053195032667
}