{
    "bleu": {
        "n_splits": 300,
        "sample_ratio": 0.4,
        "sample_size": 764,
        "baseline_mean": 20.07974542727834,
        "system_mean": 19.445522629820243,
        "delta_mean": -0.6342227974580982,
        "delta_std": 0.3195553922977276,
        "delta_ci_low": -1.272233867198983,
        "delta_ci_high": -0.004810360199165049,
        "delta_median": -0.6361044067611914,
        "wins": 8,
        "losses": 292,
        "ties": 0,
        "paired_ttest": {
            "statistic": -34.376077981886176,
            "pvalue": 6.913929166721858e-106
        },
        "bootstrap": {
            "pvalue_two_sided": 0.05333333333333334,
            "prob_system_ge_baseline": 0.02666666666666667,
            "prob_system_le_baseline": 0.9733333333333334
        },
        "significant_95_ci": true
    },
    "comet": {
        "n_splits": 300,
        "sample_ratio": 0.4,
        "sample_size": 764,
        "baseline_mean": 0.7354578785927248,
        "system_mean": 0.7133692325275867,
        "delta_mean": -0.022088646065138193,
        "delta_std": 0.005256356317859846,
        "delta_ci_low": -0.03246573180701412,
        "delta_ci_high": -0.01191045033272497,
        "delta_median": -0.021811751209940555,
        "wins": 0,
        "losses": 300,
        "ties": 0,
        "paired_ttest": {
            "statistic": -72.78550947018547,
            "pvalue": 2.96643025658993e-192
        },
        "bootstrap": {
            "pvalue_two_sided": 0.0,
            "prob_system_ge_baseline": 0.0,
            "prob_system_le_baseline": 1.0
        },
        "significant_95_ci": true
    },
    "cometkiwi": {
        "n_splits": 300,
        "sample_ratio": 0.4,
        "sample_size": 764,
        "baseline_mean": 0.7553908122580557,
        "system_mean": 0.7341306732448036,
        "delta_mean": -0.021260139013252126,
        "delta_std": 0.0048947801808473124,
        "delta_ci_low": -0.03184238669623415,
        "delta_ci_high": -0.011493971224152631,
        "delta_median": -0.021395727231396433,
        "wins": 0,
        "losses": 300,
        "ties": 0,
        "paired_ttest": {
            "statistic": -75.23042830608905,
            "pvalue": 2.5318345360551154e-196
        },
        "bootstrap": {
            "pvalue_two_sided": 0.0,
            "prob_system_ge_baseline": 0.0,
            "prob_system_le_baseline": 1.0
        },
        "significant_95_ci": true
    }
}