{
    "bleu": 19.40226317944312,
    "chrf2": 41.46529039605278,
    "comet": 0.7161271551115591,
    "cometkiwi": 0.7348248493833777
}