{
    "bleu": {
        "n_splits": 300,
        "sample_ratio": 0.4,
        "sample_size": 764,
        "baseline_mean": 20.07974542727834,
        "system_mean": 19.937453531439484,
        "delta_mean": -0.14229189583886057,
        "delta_std": 0.33305634588648764,
        "delta_ci_low": -0.7739899417744027,
        "delta_ci_high": 0.5187411925359366,
        "delta_median": -0.14531412680661582,
        "wins": 99,
        "losses": 201,
        "ties": 0,
        "paired_ttest": {
            "statistic": -7.399852791941772,
            "pvalue": 1.388697125243389e-12
        },
        "bootstrap": {
            "pvalue_two_sided": 0.66,
            "prob_system_ge_baseline": 0.33,
            "prob_system_le_baseline": 0.67
        },
        "significant_95_ci": false
    },
    "comet": {
        "n_splits": 300,
        "sample_ratio": 0.4,
        "sample_size": 764,
        "baseline_mean": 0.7354578785927248,
        "system_mean": 0.7222571053106279,
        "delta_mean": -0.013200773282096857,
        "delta_std": 0.005181781957693405,
        "delta_ci_low": -0.022763922649645364,
        "delta_ci_high": -0.0023901314752576668,
        "delta_median": -0.013253811064190879,
        "wins": 1,
        "losses": 299,
        "ties": 0,
        "paired_ttest": {
            "statistic": -44.12460850430549,
            "pvalue": 5.917987370591798e-133
        },
        "bootstrap": {
            "pvalue_two_sided": 0.006666666666666667,
            "prob_system_ge_baseline": 0.0033333333333333335,
            "prob_system_le_baseline": 0.9966666666666667
        },
        "significant_95_ci": true
    },
    "cometkiwi": {
        "n_splits": 300,
        "sample_ratio": 0.4,
        "sample_size": 764,
        "baseline_mean": 0.7553908122580557,
        "system_mean": 0.7385159130657115,
        "delta_mean": -0.016874899192344247,
        "delta_std": 0.004948612742311102,
        "delta_ci_low": -0.026033424216454236,
        "delta_ci_high": -0.0073215584772887915,
        "delta_median": -0.01696329214732062,
        "wins": 0,
        "losses": 300,
        "ties": 0,
        "paired_ttest": {
            "statistic": -59.063386641350114,
            "pvalue": 6.774511384387651e-167
        },
        "bootstrap": {
            "pvalue_two_sided": 0.0,
            "prob_system_ge_baseline": 0.0,
            "prob_system_le_baseline": 1.0
        },
        "significant_95_ci": true
    }
}