{
    "bleu": 19.44571272415278,
    "chrf2": 41.452269421605955,
    "comet": 0.7135429448907197,
    "cometkiwi": 0.7344135658287639
}