{
    "bleu": 19.93322099798891,
    "chrf2": 42.06752129006173,
    "comet": 0.7224897251680548,
    "cometkiwi": 0.7387601744916316
}