{
    "bleu": 20.091162468859388,
    "chrf2": 42.633440686025935,
    "comet": 0.7359551067765062,
    "cometkiwi": 0.7558238533325006
}