{
    "bleu": {
        "n_splits": 300,
        "sample_ratio": 0.4,
        "sample_size": 764,
        "baseline_mean": 21.38510100184543,
        "system_mean": 20.07974542727834,
        "delta_mean": -1.3053555745670895,
        "delta_std": 0.50238546869772,
        "delta_ci_low": -2.2387659799347475,
        "delta_ci_high": -0.38153147991372305,
        "delta_median": -1.3144689335018356,
        "wins": 2,
        "losses": 298,
        "ties": 0,
        "paired_ttest": {
            "statistic": -45.00413164724412,
            "pvalue": 3.4960930139492866e-135
        },
        "bootstrap": {
            "pvalue_two_sided": 0.013333333333333334,
            "prob_system_ge_baseline": 0.006666666666666667,
            "prob_system_le_baseline": 0.9933333333333333
        },
        "significant_95_ci": true
    },
    "comet": {
        "n_splits": 300,
        "sample_ratio": 0.4,
        "sample_size": 764,
        "baseline_mean": 0.7327298839472195,
        "system_mean": 0.7354578785927248,
        "delta_mean": 0.002727994645505259,
        "delta_std": 0.005127484624851656,
        "delta_ci_low": -0.0074535293836166415,
        "delta_ci_high": 0.012458678011182644,
        "delta_median": 0.0026922260376951446,
        "wins": 212,
        "losses": 88,
        "ties": 0,
        "paired_ttest": {
            "statistic": 9.215094094850956,
            "pvalue": 5.696626421369197e-18
        },
        "bootstrap": {
            "pvalue_two_sided": 0.5866666666666667,
            "prob_system_ge_baseline": 0.7066666666666667,
            "prob_system_le_baseline": 0.29333333333333333
        },
        "significant_95_ci": false
    },
    "cometkiwi": {
        "n_splits": 300,
        "sample_ratio": 0.4,
        "sample_size": 764,
        "baseline_mean": 0.7560387628853166,
        "system_mean": 0.7553908122580557,
        "delta_mean": -0.0006479506272608019,
        "delta_std": 0.004279602694113575,
        "delta_ci_low": -0.009378624871295097,
        "delta_ci_high": 0.008191662412429392,
        "delta_median": -0.000697613250054574,
        "wins": 129,
        "losses": 171,
        "ties": 0,
        "paired_ttest": {
            "statistic": -2.6224009269727047,
            "pvalue": 0.009178527138396887
        },
        "bootstrap": {
            "pvalue_two_sided": 0.86,
            "prob_system_ge_baseline": 0.43,
            "prob_system_le_baseline": 0.57
        },
        "significant_95_ci": false
    }
}