{
    "bleu": {
        "n_splits": 300,
        "sample_ratio": 0.4,
        "sample_size": 1556,
        "baseline_mean": 40.686279114946075,
        "system_mean": 49.0243999350755,
        "delta_mean": 8.338120820129424,
        "delta_std": 1.0288682063037877,
        "delta_ci_low": 6.851598019049586,
        "delta_ci_high": 11.006429602966595,
        "delta_median": 8.201437802241315,
        "wins": 300,
        "losses": 0,
        "ties": 0,
        "paired_ttest": {
            "statistic": 140.36830773491528,
            "pvalue": 5.868214905045257e-275
        },
        "bootstrap": {
            "pvalue_two_sided": 0.0,
            "prob_system_ge_baseline": 1.0,
            "prob_system_le_baseline": 0.0
        },
        "significant_95_ci": true
    },
    "comet": {
        "n_splits": 300,
        "sample_ratio": 0.4,
        "sample_size": 1556,
        "baseline_mean": 0.8013767258107547,
        "system_mean": 0.8600957361491272,
        "delta_mean": 0.05871901033837237,
        "delta_std": 0.003615870570759105,
        "delta_ci_low": 0.05145847960961821,
        "delta_ci_high": 0.0656458692663471,
        "delta_median": 0.05870976141991524,
        "wins": 300,
        "losses": 0,
        "ties": 0,
        "paired_ttest": {
            "statistic": 281.2719849506992,
            "pvalue": 0.0
        },
        "bootstrap": {
            "pvalue_two_sided": 0.0,
            "prob_system_ge_baseline": 1.0,
            "prob_system_le_baseline": 0.0
        },
        "significant_95_ci": true
    },
    "cometkiwi": {
        "n_splits": 300,
        "sample_ratio": 0.4,
        "sample_size": 1556,
        "baseline_mean": 0.766249514134296,
        "system_mean": 0.7886719257708227,
        "delta_mean": 0.02242241163652681,
        "delta_std": 0.0029617923312347367,
        "delta_ci_low": 0.016960016397668292,
        "delta_ci_high": 0.028261296871024848,
        "delta_median": 0.022408424524690884,
        "wins": 300,
        "losses": 0,
        "ties": 0,
        "paired_ttest": {
            "statistic": 131.12585839702498,
            "pvalue": 2.9656827895085372e-266
        },
        "bootstrap": {
            "pvalue_two_sided": 0.0,
            "prob_system_ge_baseline": 1.0,
            "prob_system_le_baseline": 0.0
        },
        "significant_95_ci": true
    }
}