{
    "bleu": {
        "n_splits": 300,
        "sample_ratio": 0.4,
        "sample_size": 1556,
        "baseline_mean": 43.09866455699749,
        "system_mean": 45.39217026628087,
        "delta_mean": 2.293505709283379,
        "delta_std": 0.3638801549971166,
        "delta_ci_low": 1.597949562920432,
        "delta_ci_high": 3.0830781389888986,
        "delta_median": 2.2664444783118043,
        "wins": 300,
        "losses": 0,
        "ties": 0,
        "paired_ttest": {
            "statistic": 109.16969121219553,
            "pvalue": 6.034071473452194e-243
        },
        "bootstrap": {
            "pvalue_two_sided": 0.0,
            "prob_system_ge_baseline": 1.0,
            "prob_system_le_baseline": 0.0
        },
        "significant_95_ci": true
    },
    "comet": {
        "n_splits": 300,
        "sample_ratio": 0.4,
        "sample_size": 1556,
        "baseline_mean": 0.830232748868137,
        "system_mean": 0.8477225272043989,
        "delta_mean": 0.017489778336262026,
        "delta_std": 0.0022574087663297365,
        "delta_ci_low": 0.012881788976279807,
        "delta_ci_high": 0.02256939259901222,
        "delta_median": 0.01763340121178203,
        "wins": 300,
        "losses": 0,
        "ties": 0,
        "paired_ttest": {
            "statistic": 134.1945027562563,
            "pvalue": 3.2982499782606554e-269
        },
        "bootstrap": {
            "pvalue_two_sided": 0.0,
            "prob_system_ge_baseline": 1.0,
            "prob_system_le_baseline": 0.0
        },
        "significant_95_ci": true
    },
    "cometkiwi": {
        "n_splits": 300,
        "sample_ratio": 0.4,
        "sample_size": 1556,
        "baseline_mean": 0.7942009987800215,
        "system_mean": 0.7998357616894222,
        "delta_mean": 0.005634762909400639,
        "delta_std": 0.0016867233220900584,
        "delta_ci_low": 0.0020570752385687895,
        "delta_ci_high": 0.008988450946894428,
        "delta_median": 0.005669655943897511,
        "wins": 300,
        "losses": 0,
        "ties": 0,
        "paired_ttest": {
            "statistic": 57.86186459788238,
            "pvalue": 1.930706007308874e-164
        },
        "bootstrap": {
            "pvalue_two_sided": 0.0,
            "prob_system_ge_baseline": 1.0,
            "prob_system_le_baseline": 0.0
        },
        "significant_95_ci": true
    }
}