{
    "bleu": {
        "n_splits": 300,
        "sample_ratio": 0.4,
        "sample_size": 1556,
        "baseline_mean": 40.686279114946075,
        "system_mean": 43.09866455699749,
        "delta_mean": 2.412385442051409,
        "delta_std": 0.9909645682175102,
        "delta_ci_low": 0.901733982679754,
        "delta_ci_high": 4.818427351953115,
        "delta_median": 2.266703610980173,
        "wins": 300,
        "losses": 0,
        "ties": 0,
        "paired_ttest": {
            "statistic": 42.1647179635127,
            "pvalue": 7.204588747894032e-128
        },
        "bootstrap": {
            "pvalue_two_sided": 0.0,
            "prob_system_ge_baseline": 1.0,
            "prob_system_le_baseline": 0.0
        },
        "significant_95_ci": true
    },
    "comet": {
        "n_splits": 300,
        "sample_ratio": 0.4,
        "sample_size": 1556,
        "baseline_mean": 0.8013767258107547,
        "system_mean": 0.830232748868137,
        "delta_mean": 0.02885602305738228,
        "delta_std": 0.003794057228636796,
        "delta_ci_low": 0.021679548661590872,
        "delta_ci_high": 0.03609403459963345,
        "delta_median": 0.02886467202444465,
        "wins": 300,
        "losses": 0,
        "ties": 0,
        "paired_ttest": {
            "statistic": 131.73258869825472,
            "pvalue": 7.635386589827171e-267
        },
        "bootstrap": {
            "pvalue_two_sided": 0.0,
            "prob_system_ge_baseline": 1.0,
            "prob_system_le_baseline": 0.0
        },
        "significant_95_ci": true
    },
    "cometkiwi": {
        "n_splits": 300,
        "sample_ratio": 0.4,
        "sample_size": 1556,
        "baseline_mean": 0.766249514134296,
        "system_mean": 0.7942009987800215,
        "delta_mean": 0.02795148464572562,
        "delta_std": 0.002790870397788724,
        "delta_ci_low": 0.022813012751638127,
        "delta_ci_high": 0.033011662707709534,
        "delta_median": 0.028041979235747805,
        "wins": 300,
        "losses": 0,
        "ties": 0,
        "paired_ttest": {
            "statistic": 173.47058319776252,
            "pvalue": 4.0574032883467555e-302
        },
        "bootstrap": {
            "pvalue_two_sided": 0.0,
            "prob_system_ge_baseline": 1.0,
            "prob_system_le_baseline": 0.0
        },
        "significant_95_ci": true
    }
}