{
    "bleu": 45.40719549141215,
    "chrf2": 58.75169563696242,
    "comet": 0.8476430382220351,
    "cometkiwi": 0.7997682744339702
}