{
    "bleu": {
        "n_splits": 300,
        "sample_ratio": 0.4,
        "sample_size": 1556,
        "baseline_mean": 40.686279114946075,
        "system_mean": 47.278219898873274,
        "delta_mean": 6.591940783927199,
        "delta_std": 0.9780078513912853,
        "delta_ci_low": 5.071156040419923,
        "delta_ci_high": 9.1621766159063,
        "delta_median": 6.473772069711,
        "wins": 300,
        "losses": 0,
        "ties": 0,
        "paired_ttest": {
            "statistic": 116.74319732714837,
            "pvalue": 1.8621559089372494e-251
        },
        "bootstrap": {
            "pvalue_two_sided": 0.0,
            "prob_system_ge_baseline": 1.0,
            "prob_system_le_baseline": 0.0
        },
        "significant_95_ci": true
    },
    "comet": {
        "n_splits": 300,
        "sample_ratio": 0.4,
        "sample_size": 1556,
        "baseline_mean": 0.8013767258107547,
        "system_mean": 0.854454839168549,
        "delta_mean": 0.05307811335779426,
        "delta_std": 0.0035329284784059614,
        "delta_ci_low": 0.046121985005372845,
        "delta_ci_high": 0.05981634854193023,
        "delta_median": 0.05310134711773512,
        "wins": 300,
        "losses": 0,
        "ties": 0,
        "paired_ttest": {
            "statistic": 260.2203516644076,
            "pvalue": 0.0
        },
        "bootstrap": {
            "pvalue_two_sided": 0.0,
            "prob_system_ge_baseline": 1.0,
            "prob_system_le_baseline": 0.0
        },
        "significant_95_ci": true
    },
    "cometkiwi": {
        "n_splits": 300,
        "sample_ratio": 0.4,
        "sample_size": 1556,
        "baseline_mean": 0.766249514134296,
        "system_mean": 0.7971562255664243,
        "delta_mean": 0.03090671143212835,
        "delta_std": 0.002836342982346539,
        "delta_ci_low": 0.025597067220869137,
        "delta_ci_high": 0.03635327997054803,
        "delta_median": 0.03086891556805077,
        "wins": 300,
        "losses": 0,
        "ties": 0,
        "paired_ttest": {
            "statistic": 188.7359703269332,
            "pvalue": 5.69015702e-313
        },
        "bootstrap": {
            "pvalue_two_sided": 0.0,
            "prob_system_ge_baseline": 1.0,
            "prob_system_le_baseline": 0.0
        },
        "significant_95_ci": true
    }
}