{
    "bleu": 47.29376448568354,
    "chrf2": 60.43409201223285,
    "comet": 0.854383631977455,
    "cometkiwi": 0.7970651106467802
}