{
    "bleu": 43.11080071474516,
    "chrf2": 56.44185806912929,
    "comet": 0.8302834890639147,
    "cometkiwi": 0.7941996599644553
}