{
    "bleu": 49.03927830207489,
    "chrf2": 62.69558376628218,
    "comet": 0.8600179112625784,
    "cometkiwi": 0.7885456876434132
}