{
    "bleu": 46.694381872222834,
    "chrf2": 58.916913489832325,
    "comet": 0.8509438082165814,
    "cometkiwi": 0.7992243084833351
}