{
    "bleu": {
        "n_splits": 300,
        "sample_ratio": 0.4,
        "sample_size": 764,
        "baseline_mean": 21.38510100184543,
        "system_mean": 21.67501782686149,
        "delta_mean": 0.28991682501606025,
        "delta_std": 0.533135092659184,
        "delta_ci_low": -0.7298536184079432,
        "delta_ci_high": 1.2904388579494304,
        "delta_median": 0.28999639929120136,
        "wins": 210,
        "losses": 90,
        "ties": 0,
        "paired_ttest": {
            "statistic": 9.418826068871828,
            "pvalue": 1.2870459456925287e-18
        },
        "bootstrap": {
            "pvalue_two_sided": 0.6,
            "prob_system_ge_baseline": 0.7,
            "prob_system_le_baseline": 0.3
        },
        "significant_95_ci": false
    },
    "comet": {
        "n_splits": 300,
        "sample_ratio": 0.4,
        "sample_size": 764,
        "baseline_mean": 0.7327298839472195,
        "system_mean": 0.7545290705523929,
        "delta_mean": 0.021799186605173458,
        "delta_std": 0.004114217331608967,
        "delta_ci_low": 0.014081749478988947,
        "delta_ci_high": 0.029605229645577418,
        "delta_median": 0.021929659612515806,
        "wins": 300,
        "losses": 0,
        "ties": 0,
        "paired_ttest": {
            "statistic": 91.77273760856336,
            "pvalue": 4.65260313008195e-221
        },
        "bootstrap": {
            "pvalue_two_sided": 0.0,
            "prob_system_ge_baseline": 1.0,
            "prob_system_le_baseline": 0.0
        },
        "significant_95_ci": true
    },
    "cometkiwi": {
        "n_splits": 300,
        "sample_ratio": 0.4,
        "sample_size": 764,
        "baseline_mean": 0.7560387628853166,
        "system_mean": 0.7799264340270408,
        "delta_mean": 0.02388767114172432,
        "delta_std": 0.003633556366221848,
        "delta_ci_low": 0.016949121390727743,
        "delta_ci_high": 0.030525851602719676,
        "delta_median": 0.023982517713807605,
        "wins": 300,
        "losses": 0,
        "ties": 0,
        "paired_ttest": {
            "statistic": 113.86822143888887,
            "pvalue": 2.7346679960174873e-248
        },
        "bootstrap": {
            "pvalue_two_sided": 0.0,
            "prob_system_ge_baseline": 1.0,
            "prob_system_le_baseline": 0.0
        },
        "significant_95_ci": true
    }
}