{
    "bleu": 21.68588293492996,
    "chrf2": 44.258467190328126,
    "comet": 0.7548461498828256,
    "cometkiwi": 0.7802779794426224
}