{
    "bleu": 21.633233452058168,
    "chrf2": 44.24520567283118,
    "comet": 0.7541322513142451,
    "cometkiwi": 0.7798718178128622
}