{
    "bleu": {
        "n_splits": 300,
        "sample_ratio": 0.4,
        "sample_size": 764,
        "baseline_mean": 21.38510100184543,
        "system_mean": 21.63026552474633,
        "delta_mean": 0.24516452290089794,
        "delta_std": 0.532562288272785,
        "delta_ci_low": -0.7742523694278949,
        "delta_ci_high": 1.1478420950325223,
        "delta_median": 0.2576665247380916,
        "wins": 205,
        "losses": 95,
        "ties": 0,
        "paired_ttest": {
            "statistic": 7.973478769120698,
            "pvalue": 3.2951221206195633e-14
        },
        "bootstrap": {
            "pvalue_two_sided": 0.6333333333333333,
            "prob_system_ge_baseline": 0.6833333333333333,
            "prob_system_le_baseline": 0.31666666666666665
        },
        "significant_95_ci": false
    },
    "comet": {
        "n_splits": 300,
        "sample_ratio": 0.4,
        "sample_size": 764,
        "baseline_mean": 0.7327298839472195,
        "system_mean": 0.7537902629939778,
        "delta_mean": 0.021060379046758223,
        "delta_std": 0.004051986195988761,
        "delta_ci_low": 0.013297010012244107,
        "delta_ci_high": 0.028453957935044308,
        "delta_median": 0.020995620482098964,
        "wins": 300,
        "losses": 0,
        "ties": 0,
        "paired_ttest": {
            "statistic": 90.0241135366035,
            "pvalue": 1.1990179977389768e-218
        },
        "bootstrap": {
            "pvalue_two_sided": 0.0,
            "prob_system_ge_baseline": 1.0,
            "prob_system_le_baseline": 0.0
        },
        "significant_95_ci": true
    },
    "cometkiwi": {
        "n_splits": 300,
        "sample_ratio": 0.4,
        "sample_size": 764,
        "baseline_mean": 0.7560387628853166,
        "system_mean": 0.7795276495143382,
        "delta_mean": 0.02348888662902161,
        "delta_std": 0.003585891826549559,
        "delta_ci_low": 0.01662189203231596,
        "delta_ci_high": 0.03003380518426135,
        "delta_median": 0.023627183999846757,
        "wins": 300,
        "losses": 0,
        "ties": 0,
        "paired_ttest": {
            "statistic": 113.45558377826993,
            "pvalue": 7.901293469542854e-248
        },
        "bootstrap": {
            "pvalue_two_sided": 0.0,
            "prob_system_ge_baseline": 1.0,
            "prob_system_le_baseline": 0.0
        },
        "significant_95_ci": true
    }
}