{
    "bleu": 21.621252740285282,
    "chrf2": 44.30567584424116,
    "comet": 0.7532070846911061,
    "cometkiwi": 0.7800479483985351
}