{
    "bleu": 21.924847498319032,
    "chrf2": 44.476531339912796,
    "comet": 0.7539382730559443,
    "cometkiwi": 0.7826808857443196
}