{
    "bleu": {
        "n_splits": 300,
        "sample_ratio": 0.4,
        "sample_size": 764,
        "baseline_mean": 21.38510100184543,
        "system_mean": 21.607881298485413,
        "delta_mean": 0.22278029663998272,
        "delta_std": 0.536744021060818,
        "delta_ci_low": -0.724103447905182,
        "delta_ci_high": 1.2150112635430286,
        "delta_median": 0.2193207597461999,
        "wins": 194,
        "losses": 106,
        "ties": 0,
        "paired_ttest": {
            "statistic": 7.1890282437257715,
            "pvalue": 5.245661932519175e-12
        },
        "bootstrap": {
            "pvalue_two_sided": 0.7066666666666667,
            "prob_system_ge_baseline": 0.6466666666666666,
            "prob_system_le_baseline": 0.35333333333333333
        },
        "significant_95_ci": false
    },
    "comet": {
        "n_splits": 300,
        "sample_ratio": 0.4,
        "sample_size": 764,
        "baseline_mean": 0.7327298839472195,
        "system_mean": 0.7534988683831421,
        "delta_mean": 0.0207689844359226,
        "delta_std": 0.004123533004417608,
        "delta_ci_low": 0.01228382467482413,
        "delta_ci_high": 0.028472131862261194,
        "delta_median": 0.02079837335302881,
        "wins": 300,
        "losses": 0,
        "ties": 0,
        "paired_ttest": {
            "statistic": 87.23814317985763,
            "pvalue": 1.027229642534967e-214
        },
        "bootstrap": {
            "pvalue_two_sided": 0.0,
            "prob_system_ge_baseline": 1.0,
            "prob_system_le_baseline": 0.0
        },
        "significant_95_ci": true
    },
    "cometkiwi": {
        "n_splits": 300,
        "sample_ratio": 0.4,
        "sample_size": 764,
        "baseline_mean": 0.7560387628853166,
        "system_mean": 0.7798218886883211,
        "delta_mean": 0.0237831258030046,
        "delta_std": 0.00356207955611584,
        "delta_ci_low": 0.016870454583726623,
        "delta_ci_high": 0.030306122099970977,
        "delta_median": 0.023891992067323398,
        "wins": 300,
        "losses": 0,
        "ties": 0,
        "paired_ttest": {
            "statistic": 115.64475639764933,
            "pvalue": 2.958636021423729e-250
        },
        "bootstrap": {
            "pvalue_two_sided": 0.0,
            "prob_system_ge_baseline": 1.0,
            "prob_system_le_baseline": 0.0
        },
        "significant_95_ci": true
    }
}