{
    "bleu": 21.62064123416528,
    "chrf2": 44.262605203765396,
    "comet": 0.7538045989149462,
    "cometkiwi": 0.7801464331936874
}