{
    "bleu": 40.867860531435845,
    "chrf2": 56.05266310442377,
    "comet": 0.7686601704023405,
    "cometkiwi": 0.719243432944279
}