{
    "bleu": 41.573155582999625,
    "chrf2": 56.40365793292478,
    "comet": 0.7802069742212445,
    "cometkiwi": 0.7286859387510324
}