{
    "bleu": 40.61261575814013,
    "chrf2": 54.39385527685721,
    "comet": 0.7664744645839916,
    "cometkiwi": 0.7189522397475244
}