{
    "bleu": {
        "n_splits": 300,
        "sample_ratio": 0.4,
        "sample_size": 1556,
        "baseline_mean": 40.28168730109913,
        "system_mean": 40.60406502911274,
        "delta_mean": 0.3223777280136169,
        "delta_std": 0.40393954928710973,
        "delta_ci_low": -0.5081892910515459,
        "delta_ci_high": 1.0429655251556669,
        "delta_median": 0.3404429158745401,
        "wins": 242,
        "losses": 58,
        "ties": 0,
        "paired_ttest": {
            "statistic": 13.823221943324171,
            "pvalue": 6.078158676332036e-34
        },
        "bootstrap": {
            "pvalue_two_sided": 0.38666666666666666,
            "prob_system_ge_baseline": 0.8066666666666666,
            "prob_system_le_baseline": 0.19333333333333333
        },
        "significant_95_ci": false
    },
    "comet": {
        "n_splits": 300,
        "sample_ratio": 0.4,
        "sample_size": 1556,
        "baseline_mean": 0.814839653322328,
        "system_mean": 0.7666295267916392,
        "delta_mean": -0.0482101265306887,
        "delta_std": 0.005582816473734965,
        "delta_ci_low": -0.06100373361570938,
        "delta_ci_high": -0.03820485414932351,
        "delta_median": -0.04829659023750715,
        "wins": 0,
        "losses": 300,
        "ties": 0,
        "paired_ttest": {
            "statistic": -149.57036288641083,
            "pvalue": 4.351159807595777e-283
        },
        "bootstrap": {
            "pvalue_two_sided": 0.0,
            "prob_system_ge_baseline": 0.0,
            "prob_system_le_baseline": 1.0
        },
        "significant_95_ci": true
    },
    "cometkiwi": {
        "n_splits": 300,
        "sample_ratio": 0.4,
        "sample_size": 1556,
        "baseline_mean": 0.7728649384150443,
        "system_mean": 0.7192890497506456,
        "delta_mean": -0.05357588866439863,
        "delta_std": 0.004929972740139134,
        "delta_ci_low": -0.06348614058191565,
        "delta_ci_high": -0.04425894782799455,
        "delta_median": -0.053386263664246814,
        "wins": 0,
        "losses": 300,
        "ties": 0,
        "paired_ttest": {
            "statistic": -188.22854834847016,
            "pvalue": 1.264161703395e-312
        },
        "bootstrap": {
            "pvalue_two_sided": 0.0,
            "prob_system_ge_baseline": 0.0,
            "prob_system_le_baseline": 1.0
        },
        "significant_95_ci": true
    }
}