{
    "bleu": 42.06900455161707,
    "chrf2": 56.874208293682194,
    "comet": 0.7908054495890792,
    "cometkiwi": 0.7384720984400928
}