{
    "bleu": 40.28381454551263,
    "chrf2": 55.44799234916494,
    "comet": 0.8147660002790585,
    "cometkiwi": 0.7727151533483877
}