{
    "bleu": {
        "n_splits": 300,
        "sample_ratio": 0.4,
        "sample_size": 764,
        "baseline_mean": 21.38510100184543,
        "system_mean": 23.365812510605682,
        "delta_mean": 1.980711508760253,
        "delta_std": 0.5045657469124021,
        "delta_ci_low": 1.009993483833275,
        "delta_ci_high": 2.924899317319129,
        "delta_median": 1.9794825421418825,
        "wins": 300,
        "losses": 0,
        "ties": 0,
        "paired_ttest": {
            "statistic": 67.99298187208832,
            "pvalue": 6.521200569704612e-184
        },
        "bootstrap": {
            "pvalue_two_sided": 0.0,
            "prob_system_ge_baseline": 1.0,
            "prob_system_le_baseline": 0.0
        },
        "significant_95_ci": true
    },
    "comet": {
        "n_splits": 300,
        "sample_ratio": 0.4,
        "sample_size": 764,
        "baseline_mean": 0.7327298839472195,
        "system_mean": 0.7638329010961957,
        "delta_mean": 0.031103017148976234,
        "delta_std": 0.004084099250228109,
        "delta_ci_low": 0.023170021967231,
        "delta_ci_high": 0.03867153463670637,
        "delta_median": 0.03137672388272761,
        "wins": 300,
        "losses": 0,
        "ties": 0,
        "paired_ttest": {
            "statistic": 131.90670125782086,
            "pvalue": 5.178529339204863e-267
        },
        "bootstrap": {
            "pvalue_two_sided": 0.0,
            "prob_system_ge_baseline": 1.0,
            "prob_system_le_baseline": 0.0
        },
        "significant_95_ci": true
    },
    "cometkiwi": {
        "n_splits": 300,
        "sample_ratio": 0.4,
        "sample_size": 764,
        "baseline_mean": 0.7560387628853166,
        "system_mean": 0.780016670063086,
        "delta_mean": 0.023977907177769497,
        "delta_std": 0.003447277948508373,
        "delta_ci_low": 0.017370405364098968,
        "delta_ci_high": 0.030539597344648155,
        "delta_median": 0.024206381115613795,
        "wins": 300,
        "losses": 0,
        "ties": 0,
        "paired_ttest": {
            "statistic": 120.47462987148326,
            "pvalue": 1.8588837799963118e-255
        },
        "bootstrap": {
            "pvalue_two_sided": 0.0,
            "prob_system_ge_baseline": 1.0,
            "prob_system_le_baseline": 0.0
        },
        "significant_95_ci": true
    }
}