{
    "bleu": {
        "n_splits": 300,
        "sample_ratio": 0.4,
        "sample_size": 764,
        "baseline_mean": 21.38510100184543,
        "system_mean": 23.114433408682245,
        "delta_mean": 1.7293324068368163,
        "delta_std": 0.5823259215710365,
        "delta_ci_low": 0.5911682712254871,
        "delta_ci_high": 2.749547145287711,
        "delta_median": 1.697710007099401,
        "wins": 300,
        "losses": 0,
        "ties": 0,
        "paired_ttest": {
            "statistic": 51.436686584994305,
            "pvalue": 1.5042206405298563e-150
        },
        "bootstrap": {
            "pvalue_two_sided": 0.0,
            "prob_system_ge_baseline": 1.0,
            "prob_system_le_baseline": 0.0
        },
        "significant_95_ci": true
    },
    "comet": {
        "n_splits": 300,
        "sample_ratio": 0.4,
        "sample_size": 764,
        "baseline_mean": 0.7327298839472195,
        "system_mean": 0.7659262793253698,
        "delta_mean": 0.03319639537815024,
        "delta_std": 0.004003511029752938,
        "delta_ci_low": 0.02587697275412023,
        "delta_ci_high": 0.04066508417432221,
        "delta_median": 0.03343265653826799,
        "wins": 300,
        "losses": 0,
        "ties": 0,
        "paired_ttest": {
            "statistic": 143.61854631045972,
            "pvalue": 6.907342273385062e-278
        },
        "bootstrap": {
            "pvalue_two_sided": 0.0,
            "prob_system_ge_baseline": 1.0,
            "prob_system_le_baseline": 0.0
        },
        "significant_95_ci": true
    },
    "cometkiwi": {
        "n_splits": 300,
        "sample_ratio": 0.4,
        "sample_size": 764,
        "baseline_mean": 0.7560387628853166,
        "system_mean": 0.7802101076143366,
        "delta_mean": 0.02417134472902013,
        "delta_std": 0.003554280924359201,
        "delta_ci_low": 0.017755107458739417,
        "delta_ci_high": 0.030633213207203747,
        "delta_median": 0.02433678226945285,
        "wins": 300,
        "losses": 0,
        "ties": 0,
        "paired_ttest": {
            "statistic": 117.79034366979036,
            "pvalue": 1.3647625030989676e-252
        },
        "bootstrap": {
            "pvalue_two_sided": 0.0,
            "prob_system_ge_baseline": 1.0,
            "prob_system_le_baseline": 0.0
        },
        "significant_95_ci": true
    }
}