{
    "bleu": 21.156102461153765,
    "chrf2": 44.13396642869004,
    "comet": 0.7459429801759325,
    "cometkiwi": 0.7715386184427112
}