{
    "bleu": 23.153492458254288,
    "chrf2": 45.99515912728364,
    "comet": 0.7663896214031561,
    "cometkiwi": 0.7804662443662327
}