{
    "bleu": {
        "n_splits": 300,
        "sample_ratio": 0.4,
        "sample_size": 764,
        "baseline_mean": 23.365812510605682,
        "system_mean": 21.120263982722136,
        "delta_mean": -2.2455485278835456,
        "delta_std": 0.3965614117158348,
        "delta_ci_low": -3.0261527355131594,
        "delta_ci_high": -1.4098590333976897,
        "delta_median": -2.265229193850896,
        "wins": 0,
        "losses": 300,
        "ties": 0,
        "paired_ttest": {
            "statistic": -98.0782301618101,
            "pvalue": 2.068053541999633e-229
        },
        "bootstrap": {
            "pvalue_two_sided": 0.0,
            "prob_system_ge_baseline": 0.0,
            "prob_system_le_baseline": 1.0
        },
        "significant_95_ci": true
    },
    "comet": {
        "n_splits": 300,
        "sample_ratio": 0.4,
        "sample_size": 764,
        "baseline_mean": 0.7638329010961957,
        "system_mean": 0.7455577399121374,
        "delta_mean": -0.018275161184058454,
        "delta_std": 0.002837508326171484,
        "delta_ci_low": -0.024025359571818724,
        "delta_ci_high": -0.012780614898427899,
        "delta_median": -0.018274195872598265,
        "wins": 0,
        "losses": 300,
        "ties": 0,
        "paired_ttest": {
            "statistic": -111.55388477752392,
            "pvalue": 1.102089360335802e-245
        },
        "bootstrap": {
            "pvalue_two_sided": 0.0,
            "prob_system_ge_baseline": 0.0,
            "prob_system_le_baseline": 1.0
        },
        "significant_95_ci": true
    },
    "cometkiwi": {
        "n_splits": 300,
        "sample_ratio": 0.4,
        "sample_size": 764,
        "baseline_mean": 0.780016670063086,
        "system_mean": 0.7715779131065801,
        "delta_mean": -0.008438756956505943,
        "delta_std": 0.002376181110298182,
        "delta_ci_low": -0.01328702664773189,
        "delta_ci_high": -0.004041336685497087,
        "delta_median": -0.008495780127366848,
        "wins": 0,
        "losses": 300,
        "ties": 0,
        "paired_ttest": {
            "statistic": -61.51196025440765,
            "pvalue": 9.036510625215898e-172
        },
        "bootstrap": {
            "pvalue_two_sided": 0.0,
            "prob_system_ge_baseline": 0.0,
            "prob_system_le_baseline": 1.0
        },
        "significant_95_ci": true
    }
}