{
    "bleu": {
        "n_splits": 300,
        "sample_ratio": 0.4,
        "sample_size": 764,
        "baseline_mean": 23.365812510605682,
        "system_mean": 22.08889686133505,
        "delta_mean": -1.276915649270631,
        "delta_std": 0.32404669368481226,
        "delta_ci_low": -1.842812861238636,
        "delta_ci_high": -0.6701656232897208,
        "delta_median": -1.2514116778936035,
        "wins": 0,
        "losses": 300,
        "ties": 0,
        "paired_ttest": {
            "statistic": -68.25197802103645,
            "pvalue": 2.2408709181104035e-184
        },
        "bootstrap": {
            "pvalue_two_sided": 0.0,
            "prob_system_ge_baseline": 0.0,
            "prob_system_le_baseline": 1.0
        },
        "significant_95_ci": true
    },
    "comet": {
        "n_splits": 300,
        "sample_ratio": 0.4,
        "sample_size": 764,
        "baseline_mean": 0.7638329010961957,
        "system_mean": 0.755289291599554,
        "delta_mean": -0.008543609496641636,
        "delta_std": 0.002483065692166865,
        "delta_ci_low": -0.013074491158888497,
        "delta_ci_high": -0.0037732243971869313,
        "delta_median": -0.008667435555557934,
        "wins": 0,
        "losses": 300,
        "ties": 0,
        "paired_ttest": {
            "statistic": -59.59554664579866,
            "pvalue": 5.715126780016818e-168
        },
        "bootstrap": {
            "pvalue_two_sided": 0.0,
            "prob_system_ge_baseline": 0.0,
            "prob_system_le_baseline": 1.0
        },
        "significant_95_ci": true
    },
    "cometkiwi": {
        "n_splits": 300,
        "sample_ratio": 0.4,
        "sample_size": 764,
        "baseline_mean": 0.780016670063086,
        "system_mean": 0.7757455673002448,
        "delta_mean": -0.004271102762841224,
        "delta_std": 0.002188719296498172,
        "delta_ci_low": -0.008558338215447815,
        "delta_ci_high": -0.00015912354089983594,
        "delta_median": -0.004185134632737175,
        "wins": 7,
        "losses": 293,
        "ties": 0,
        "paired_ttest": {
            "statistic": -33.79952377367357,
            "pvalue": 3.8730487049222016e-104
        },
        "bootstrap": {
            "pvalue_two_sided": 0.04666666666666667,
            "prob_system_ge_baseline": 0.023333333333333334,
            "prob_system_le_baseline": 0.9766666666666667
        },
        "significant_95_ci": true
    }
}