{
    "bleu": 22.32672206658219,
    "chrf2": 45.28672317381284,
    "comet": 0.7574404309312981,
    "cometkiwi": 0.7764925221112963
}