{
    "bleu": 23.39582764591859,
    "chrf2": 45.92116416683985,
    "comet": 0.7642871998894458,
    "cometkiwi": 0.7801376478624569
}