{
    "bleu": {
        "n_splits": 300,
        "sample_ratio": 0.4,
        "sample_size": 764,
        "baseline_mean": 21.38510100184543,
        "system_mean": 21.120263982722136,
        "delta_mean": -0.2648370191232928,
        "delta_std": 0.5112656664348946,
        "delta_ci_low": -1.2470674451594224,
        "delta_ci_high": 0.7645291435880437,
        "delta_median": -0.2758839415256986,
        "wins": 90,
        "losses": 210,
        "ties": 0,
        "paired_ttest": {
            "statistic": -8.97207074445799,
            "pvalue": 3.28294553148044e-17
        },
        "bootstrap": {
            "pvalue_two_sided": 0.6,
            "prob_system_ge_baseline": 0.3,
            "prob_system_le_baseline": 0.7
        },
        "significant_95_ci": false
    },
    "comet": {
        "n_splits": 300,
        "sample_ratio": 0.4,
        "sample_size": 764,
        "baseline_mean": 0.7327298839472195,
        "system_mean": 0.7455577399121374,
        "delta_mean": 0.012827855964917784,
        "delta_std": 0.00404365792081912,
        "delta_ci_low": 0.005013864509839361,
        "delta_ci_high": 0.020462343096733112,
        "delta_median": 0.012891537992585966,
        "wins": 300,
        "losses": 0,
        "ties": 0,
        "paired_ttest": {
            "statistic": 54.94653286327521,
            "pvalue": 2.6518627348056425e-158
        },
        "bootstrap": {
            "pvalue_two_sided": 0.0,
            "prob_system_ge_baseline": 1.0,
            "prob_system_le_baseline": 0.0
        },
        "significant_95_ci": true
    },
    "cometkiwi": {
        "n_splits": 300,
        "sample_ratio": 0.4,
        "sample_size": 764,
        "baseline_mean": 0.7560387628853166,
        "system_mean": 0.7715779131065801,
        "delta_mean": 0.015539150221263554,
        "delta_std": 0.003808541778041963,
        "delta_ci_low": 0.008659072358804847,
        "delta_ci_high": 0.02296528655021443,
        "delta_median": 0.015369230949597856,
        "wins": 300,
        "losses": 0,
        "ties": 0,
        "paired_ttest": {
            "statistic": 70.66903623021538,
            "pvalue": 1.2425352086761703e-188
        },
        "bootstrap": {
            "pvalue_two_sided": 0.0,
            "prob_system_ge_baseline": 1.0,
            "prob_system_le_baseline": 0.0
        },
        "significant_95_ci": true
    }
}