{
    "bleu": 22.111276542876812,
    "chrf2": 45.07115306882669,
    "comet": 0.7557346382773066,
    "cometkiwi": 0.7759095497815756
}