{
    "bleu": 21.36823974615398,
    "chrf2": 43.85457346831325,
    "comet": 0.7331134603247086,
    "cometkiwi": 0.7562306485074924
}