{
    "bleu": {
        "n_splits": 300,
        "sample_ratio": 0.4,
        "sample_size": 1600,
        "baseline_mean": 40.724983673538674,
        "system_mean": 47.54115729152329,
        "delta_mean": 6.816173617984614,
        "delta_std": 0.9915173573512633,
        "delta_ci_low": 5.355167367900447,
        "delta_ci_high": 8.759302163635605,
        "delta_median": 6.724634005885996,
        "wins": 300,
        "losses": 0,
        "ties": 0,
        "paired_ttest": {
            "statistic": 119.06961519159212,
            "pvalue": 5.775007066686079e-254
        },
        "bootstrap": {
            "pvalue_two_sided": 0.0,
            "prob_system_ge_baseline": 1.0,
            "prob_system_le_baseline": 0.0
        },
        "significant_95_ci": true
    }
}