{
    "bleu": {
        "n_splits": 300,
        "sample_ratio": 0.4,
        "sample_size": 1600,
        "baseline_mean": 40.724983673538674,
        "system_mean": 46.759039703581365,
        "delta_mean": 6.03405603004269,
        "delta_std": 1.5237603014904348,
        "delta_ci_low": 2.2676936285605094,
        "delta_ci_high": 8.166830555018567,
        "delta_median": 6.114743166721691,
        "wins": 299,
        "losses": 1,
        "ties": 0,
        "paired_ttest": {
            "statistic": 68.58881682065464,
            "pvalue": 5.61548203747046e-185
        },
        "bootstrap": {
            "pvalue_two_sided": 0.006666666666666667,
            "prob_system_ge_baseline": 0.9966666666666667,
            "prob_system_le_baseline": 0.0033333333333333335
        },
        "significant_95_ci": true
    }
}