{
    "bleu": {
        "n_splits": 300,
        "sample_ratio": 0.4,
        "sample_size": 769,
        "baseline_mean": 21.36507127012726,
        "system_mean": 19.372459714500653,
        "delta_mean": -1.9926115556266064,
        "delta_std": 0.5901896696972683,
        "delta_ci_low": -3.059579706897786,
        "delta_ci_high": -0.9018014405930932,
        "delta_median": -1.9373429092282404,
        "wins": 0,
        "losses": 300,
        "ties": 0,
        "paired_ttest": {
            "statistic": -58.47788653882152,
            "pvalue": 1.0515404104353298e-165
        },
        "bootstrap": {
            "pvalue_two_sided": 0.0,
            "prob_system_ge_baseline": 0.0,
            "prob_system_le_baseline": 1.0
        },
        "significant_95_ci": true
    }
}