{
    "bleu": 40.942511615103825,
    "chrf2": 57.35863727192836,
    "comet": 0.8015194682657765,
    "cometkiwi": 0.7661930549019068
}