{
    "bleu": 46.96887025706391,
    "chrf2": 61.7635400790501,
    "comet": 0.856954721351245,
    "cometkiwi": 0.7826219496888838
}