{
    "bleu": {
        "n_splits": 300,
        "sample_ratio": 0.4,
        "sample_size": 1556,
        "baseline_mean": 45.441218691400294,
        "system_mean": 46.597103931657806,
        "delta_mean": 1.1558852402575093,
        "delta_std": 1.083494825303529,
        "delta_ci_low": -0.40080728969736223,
        "delta_ci_high": 3.951898475818483,
        "delta_median": 0.8290454317412035,
        "wins": 280,
        "losses": 20,
        "ties": 0,
        "paired_ttest": {
            "statistic": 18.477725200802062,
            "pvalue": 2.2119404427686717e-51
        },
        "bootstrap": {
            "pvalue_two_sided": 0.13333333333333333,
            "prob_system_ge_baseline": 0.9333333333333333,
            "prob_system_le_baseline": 0.06666666666666667
        },
        "significant_95_ci": false
    },
    "comet": {
        "n_splits": 300,
        "sample_ratio": 0.4,
        "sample_size": 1556,
        "baseline_mean": 0.8506533435234144,
        "system_mean": 0.8569296340081257,
        "delta_mean": 0.006276290484711256,
        "delta_std": 0.0012864066066357715,
        "delta_ci_low": 0.004016594096999093,
        "delta_ci_high": 0.008902991550153356,
        "delta_median": 0.006161295863917116,
        "wins": 300,
        "losses": 0,
        "ties": 0,
        "paired_ttest": {
            "statistic": 84.50558281110357,
            "pvalue": 9.629142789600398e-211
        },
        "bootstrap": {
            "pvalue_two_sided": 0.0,
            "prob_system_ge_baseline": 1.0,
            "prob_system_le_baseline": 0.0
        },
        "significant_95_ci": true
    },
    "cometkiwi": {
        "n_splits": 300,
        "sample_ratio": 0.4,
        "sample_size": 1556,
        "baseline_mean": 0.7818131559485795,
        "system_mean": 0.7827815814234552,
        "delta_mean": 0.0009684254748757896,
        "delta_std": 0.0018739832096936796,
        "delta_ci_low": -0.0024757098138409235,
        "delta_ci_high": 0.004865767410297926,
        "delta_median": 0.0009288924691149836,
        "wins": 213,
        "losses": 87,
        "ties": 0,
        "paired_ttest": {
            "statistic": 8.950785242644013,
            "pvalue": 3.822562470112425e-17
        },
        "bootstrap": {
            "pvalue_two_sided": 0.58,
            "prob_system_ge_baseline": 0.71,
            "prob_system_le_baseline": 0.29
        },
        "significant_95_ci": false
    }
}