{
    "bleu": 47.17967575719798,
    "chrf2": 61.821014671815966,
    "comet": 0.8564849697277582,
    "cometkiwi": 0.781445300197442
}