{
    "bleu": 45.80161437195993,
    "chrf2": 60.801142958382194,
    "comet": 0.8507109125465439,
    "cometkiwi": 0.7816416745122707
}