{
    "bleu": 47.284412475428624,
    "chrf2": 62.00696220094126,
    "comet": 0.8566779836065881,
    "cometkiwi": 0.7801538800313498
}