{
    "bleu": {
        "n_splits": 300,
        "sample_ratio": 0.4,
        "sample_size": 1556,
        "baseline_mean": 40.686279114946075,
        "system_mean": 47.278902398958515,
        "delta_mean": 6.592623284012434,
        "delta_std": 1.0044539317360437,
        "delta_ci_low": 4.991557969375415,
        "delta_ci_high": 9.09945633098698,
        "delta_median": 6.497601477370868,
        "wins": 300,
        "losses": 0,
        "ties": 0,
        "paired_ttest": {
            "statistic": 113.68125627559203,
            "pvalue": 4.420701659191278e-248
        },
        "bootstrap": {
            "pvalue_two_sided": 0.0,
            "prob_system_ge_baseline": 1.0,
            "prob_system_le_baseline": 0.0
        },
        "significant_95_ci": true
    },
    "comet": {
        "n_splits": 300,
        "sample_ratio": 0.4,
        "sample_size": 1556,
        "baseline_mean": 0.8013767258107547,
        "system_mean": 0.8566513737492206,
        "delta_mean": 0.05527464793846587,
        "delta_std": 0.003602736453467438,
        "delta_ci_low": 0.04899433823469976,
        "delta_ci_high": 0.062136821742804015,
        "delta_median": 0.055296874952270314,
        "wins": 300,
        "losses": 0,
        "ties": 0,
        "paired_ttest": {
            "statistic": 265.738279323102,
            "pvalue": 0.0
        },
        "bootstrap": {
            "pvalue_two_sided": 0.0,
            "prob_system_ge_baseline": 1.0,
            "prob_system_le_baseline": 0.0
        },
        "significant_95_ci": true
    },
    "cometkiwi": {
        "n_splits": 300,
        "sample_ratio": 0.4,
        "sample_size": 1556,
        "baseline_mean": 0.766249514134296,
        "system_mean": 0.7804089579129179,
        "delta_mean": 0.014159443778621916,
        "delta_std": 0.0029926694360334107,
        "delta_ci_low": 0.007940949824732016,
        "delta_ci_high": 0.01957567004166106,
        "delta_median": 0.014282154632794586,
        "wins": 300,
        "losses": 0,
        "ties": 0,
        "paired_ttest": {
            "statistic": 81.94983293575632,
            "pvalue": 6.410952208400562e-207
        },
        "bootstrap": {
            "pvalue_two_sided": 0.0,
            "prob_system_ge_baseline": 1.0,
            "prob_system_le_baseline": 0.0
        },
        "significant_95_ci": true
    }
}