{
    "bleu": {
        "n_splits": 300,
        "sample_ratio": 0.4,
        "sample_size": 1556,
        "baseline_mean": 40.686279114946075,
        "system_mean": 47.100445312112875,
        "delta_mean": 6.414166197166793,
        "delta_std": 1.0919448778761842,
        "delta_ci_low": 4.4730200342605935,
        "delta_ci_high": 9.124179317080415,
        "delta_median": 6.375006358874156,
        "wins": 300,
        "losses": 0,
        "ties": 0,
        "paired_ttest": {
            "statistic": 101.74196488097327,
            "pvalue": 4.9130784262954414e-234
        },
        "bootstrap": {
            "pvalue_two_sided": 0.0,
            "prob_system_ge_baseline": 1.0,
            "prob_system_le_baseline": 0.0
        },
        "significant_95_ci": true
    },
    "comet": {
        "n_splits": 300,
        "sample_ratio": 0.4,
        "sample_size": 1556,
        "baseline_mean": 0.8013767258107547,
        "system_mean": 0.8569586815435404,
        "delta_mean": 0.055581955732785696,
        "delta_std": 0.0036554900210606185,
        "delta_ci_low": 0.048658552415822176,
        "delta_ci_high": 0.06320206584686602,
        "delta_median": 0.05565759866644454,
        "wins": 300,
        "losses": 0,
        "ties": 0,
        "paired_ttest": {
            "statistic": 263.35941490355015,
            "pvalue": 0.0
        },
        "bootstrap": {
            "pvalue_two_sided": 0.0,
            "prob_system_ge_baseline": 1.0,
            "prob_system_le_baseline": 0.0
        },
        "significant_95_ci": true
    },
    "cometkiwi": {
        "n_splits": 300,
        "sample_ratio": 0.4,
        "sample_size": 1556,
        "baseline_mean": 0.766249514134296,
        "system_mean": 0.7837398643353068,
        "delta_mean": 0.01749035020101091,
        "delta_std": 0.0028839310576574562,
        "delta_ci_low": 0.01227240679704213,
        "delta_ci_high": 0.022950232222886995,
        "delta_median": 0.017432570783062318,
        "wins": 300,
        "losses": 0,
        "ties": 0,
        "paired_ttest": {
            "statistic": 105.044727438563,
            "pvalue": 4.52405864219649e-238
        },
        "bootstrap": {
            "pvalue_two_sided": 0.0,
            "prob_system_ge_baseline": 1.0,
            "prob_system_le_baseline": 0.0
        },
        "significant_95_ci": true
    }
}