{
    "bleu": 47.19075258712961,
    "chrf2": 61.8425760918442,
    "comet": 0.8569250465757469,
    "cometkiwi": 0.7835575308766638
}